url,filename,number,sprite,deadCode1
https://snap.berkeley.edu/project?username=jens&projectname=Instrument%20Classification%20Exploration,https://snap.berkeley.edu/project?username=jens&projectname=Instrument%20Classification%20Exploration,1,ML,when I receive Go
https://snap.berkeley.edu/project?username=ibuiltdifferent&projectname=Cloud%20Platformer,https://snap.berkeley.edu/project?username=ibuiltdifferent&projectname=Cloud%20Platformer,3,PowerupHUD,when I receive Go
https://snap.berkeley.edu/project?username=ibuiltdifferent&projectname=Cloud%20Platformer,https://snap.berkeley.edu/project?username=ibuiltdifferent&projectname=Cloud%20Platformer,3,Background(2),when I receive Go
https://snap.berkeley.edu/project?username=ibuiltdifferent&projectname=Cloud%20Platformer,https://snap.berkeley.edu/project?username=ibuiltdifferent&projectname=Cloud%20Platformer,3,Health,when I receive Go
